{"cameraMode":{"drawMode":0,"name":"Shaded","section":"Shading Mode"},"sceneLighting":false,"audioPlay":false,"sceneViewState":{"m_AlwaysRefresh":true,"showFog":true,"showSkybox":false,"showFlares":true,"showImageEffects":true,"showParticleSystems":true,"showVisualEffectGraphs":true,"m_FxEnabled":true},"in2DMode":false,"pivot":{"x":-3.532601833343506,"y":0.29383420944213869,"z":1.9537792205810547},"rotation":{"x":0.008440463803708554,"y":0.9446510672569275,"z":-0.3270639181137085,"w":0.024378197267651559},"size":4.728277206420898,"orthographic":false}